acq_channel,Churn_Rate_%
Referral,6.980802792321117
Paid Ads,6.662146126462113
Organic,6.543180178012991
Voucher,6.421821305841924
Email,6.033578174186779
