Segment,Customers,Total_Revenue,Avg_Order_Val,Revenue_%,Customer_%
At Risk,4628,4286140.87,926.1324265341402,8.7,19.6
Champions,4221,16343301.34,3871.902710258233,33.0,17.9
Churned,1551,645210.38,415.99637653127013,1.3,6.6
Loyal Customers,6875,17886958.45,2601.739410909091,36.1,29.1
Potential Loyalists,6365,10337371.93,1624.0961398271797,20.9,26.9
