city,cancel_rate_%
Bangalore,10.591437762929967
Delhi,10.420353982300885
Surat,10.32064128256513
Kolkata,10.302721953701347
Jaipur,10.248901903367496
Pune,10.23778071334214
Ahmedabad,10.031512605042018
Chennai,9.96155774694969
Hyderabad,9.9523241954708
Mumbai,9.76786252637926
