hour,orders,avg_value
0,1121,259.0384299732382
1,1135,257.06404405286344
2,1054,269.09674573055025
3,1095,266.71001826484013
4,1068,266.01521535580525
5,1059,262.61790368271954
6,1050,269.9036571428572
7,1483,258.46390424814564
8,1474,270.09481004070557
9,1523,258.01277741300066
10,1403,270.5856165359943
12,3389,266.6163765122455
13,3331,266.05602521765235
14,3352,264.12684367541766
19,6516,268.61795273173726
20,6701,264.1931875839427
21,6566,266.08988272921107
22,6680,266.24208383233537
