department,attrition,att_rate_%
Marketing,0.21782178217821782,21.782178217821784
R&D,0.1791767554479419,17.91767554479419
HR,0.1651376146788991,16.51376146788991
Engineering,0.16165413533834586,16.165413533834585
Sales,0.15673981191222572,15.673981191222571
Legal,0.14814814814814814,14.814814814814813
Finance,0.11242603550295859,11.242603550295858
Operations,0.09090909090909091,9.090909090909092
