Feature,Importance
attendance_pct,0.4881533581806415
study_hours_per_day,0.18440111657946057
prev_gpa,0.11878797439395188
assignments_done_pct,0.06940852448662273
family_income_lakh,0.030675079183859665
distance_to_college,0.026288460134416186
scholarship,0.023881634144240858
parent_edu_level,0.019256370043336513
counselling_sessions,0.018480349514008617
dept_encoded,0.013111774257056882
part_time_job,0.004609899454792331
extracurricular,0.0029454596276123146
